transaction_type,total_transactions,total_amount,average_amount,average_risk_score,high_risk_transactions,medium_risk_transactions,large_amount_flags,high_risk_type_flags,duplicate_pattern_flags,year_end_flags,investigation_cases,critical_cases,high_priority_cases,overdue_cases,second_review_required_cases,average_days_open,case_rate
audit_adjustment,37,2189348,59171.56756756757,2.675675675675676,3,10,4,37,0,5,37,3,2,5,5,7.5675675675675675,1.0
off_budget_fund_transfer,95,25214299,265413.6736842105,2.831578947368421,3,47,10,95,0,14,95,2,7,8,9,6.494736842105263,1.0
inter_fund_transfer,49,16642675,339646.4285714286,2.7755102040816326,2,22,5,49,0,8,49,2,6,8,8,7.36734693877551,1.0
year_end_settlement,32,12676022,396125.6875,2.875,2,15,4,32,0,5,32,2,4,6,6,7.78125,1.0
temporary_holding,56,5979522,106777.17857142857,2.732142857142857,1,25,6,56,0,9,56,1,6,7,7,6.607142857142857,1.0
budget_execution_payment,252,46502350,184533.1349206349,0.7261904761904762,0,26,26,0,0,31,26,0,7,7,7,8.961538461538462,0.10317460317460317
non_tax_revenue_collection,121,11561733,95551.51239669422,0.6446280991735537,0,12,12,0,0,13,12,0,2,2,2,9.416666666666666,0.09917355371900827
project_fund_payment,98,38704280,394941.63265306124,0.7857142857142857,0,10,10,0,0,18,10,0,1,1,1,6.2,0.10204081632653061
refund,72,2624145,36446.458333333336,0.6527777777777778,0,8,8,0,0,6,8,0,1,1,1,6.0,0.1111111111111111
